State_Name,District_Name,Crop_Year,Season,Crop,Area,Production,Temparetue,Rainfall,Humidity,Sun hours
West Bengal,BARDHAMAN,2009,Autumn     ,Rice,17119,52128,22.1,341,81,8.1
West Bengal,BARDHAMAN,2009,Kharif     ,Dry ginger,128,226,26.9,1189,80,8.2
West Bengal,BARDHAMAN,2009,Kharif     ,Jute,12459,222721,26.9,1189,80,8.2
West Bengal,BARDHAMAN,2009,Kharif     ,Maize,147,254,26.9,1189,80,8.2
West Bengal,BARDHAMAN,2009,Kharif     ,Mesta,88,46,26.9,1189,80,8.2
West Bengal,BARDHAMAN,2009,Kharif     ,Soyabean,3,2,26.9,1189,80,8.2
West Bengal,BARDHAMAN,2009,Kharif     ,Sunflower,59,63,26.9,1189,80,8.2
West Bengal,BARDHAMAN,2009,Kharif     ,Urad,111,155,26.9,1189,80,8.2
West Bengal,BARDHAMAN,2009,Rabi       ,Gram,170,90,20.3,171,66,9
West Bengal,BARDHAMAN,2009,Rabi       ,Horse-gram,63,43,20.3,171,66,9
West Bengal,BARDHAMAN,2009,Rabi       ,Khesari,116,145,20.3,171,66,9
West Bengal,BARDHAMAN,2009,Rabi       ,Linseed,46,13,20.3,171,66,9
West Bengal,BARDHAMAN,2009,Rabi       ,Masoor,1041,863,20.3,171,66,9
West Bengal,BARDHAMAN,2009,Rabi       ,Peas & beans (Pulses),2,2,20.3,171,66,9
West Bengal,BARDHAMAN,2009,Rabi       ,Rapeseed &Mustard,46468,31031,20.3,171,66,9
West Bengal,BARDHAMAN,2009,Rabi       ,Safflower,20,13,20.3,171,66,9
West Bengal,BARDHAMAN,2009,Rabi       ,Urad,10,6,20.3,171,66,9
West Bengal,BARDHAMAN,2009,Rabi       ,Wheat,4922,10115,20.3,171,66,9
West Bengal,BARDHAMAN,2009,Summer     ,Moong(Green Gram),11,4,32.6,223,57,9.7
West Bengal,BARDHAMAN,2009,Summer     ,Rice,200398,609379,32.6,223,57,9.7
West Bengal,BARDHAMAN,2009,Annual ,Coconut ,1270,20510.5,25.71,1474,78.38,8.9
West Bengal,BARDHAMAN,2009,Annual ,Dry chillies,2375,3254,25.71,1474,78.38,8.9
West Bengal,BARDHAMAN,2009,Annual ,Groundnut,1810,3619,25.71,1474,78.38,8.9
West Bengal,BARDHAMAN,2009,Annual ,Potato,42413,1132542,25.71,1474,78.38,8.9
West Bengal,BARDHAMAN,2009,Annual ,Sannhamp,103,734,25.71,1474,78.38,8.9
West Bengal,BARDHAMAN,2009,Annual ,Sesamum,7748,6042,25.71,1474,78.38,8.9
West Bengal,BARDHAMAN,2009,Annual ,Sugarcane,740,39469,25.71,1474,78.38,8.9
West Bengal,BARDHAMAN,2009,Annual ,Turmeric,230,463,25.71,1474,78.38,8.9
West Bengal,BARDHAMAN,2009,Winter     ,Rice,416657,1231421,19.1,46,63,9.1
West Bengal,BARDHAMAN,2010,Autumn     ,Rice,14641,44609,22.3,326,80,8.2
West Bengal,BARDHAMAN,2010,Kharif     ,Cotton(lint),10,26,27.1,1183,80.2,8.3
West Bengal,BARDHAMAN,2010,Kharif     ,Dry ginger,148,279,27.1,1183,80.2,8.3
West Bengal,BARDHAMAN,2010,Kharif     ,Jute,15368,282366,27.1,1183,80.2,8.3
West Bengal,BARDHAMAN,2010,Kharif     ,Maize,282,523,27.1,1183,80.2,8.3
West Bengal,BARDHAMAN,2010,Kharif     ,Mesta,1,10,27.1,1183,80.2,8.3
West Bengal,BARDHAMAN,2010,Kharif     ,Moong(Green Gram),80,54,27.1,1183,80.2,8.3
West Bengal,BARDHAMAN,2010,Kharif     ,Soyabean,18,13,27.1,1183,80.2,8.3
West Bengal,BARDHAMAN,2010,Kharif     ,Sunflower,135,249,27.1,1183,80.2,8.3
West Bengal,BARDHAMAN,2010,Kharif     ,Urad,157,154,27.1,1183,80.2,8.3
West Bengal,BARDHAMAN,2010,Rabi       ,Arhar/Tur,24,19,21.3,165,63,9.1
West Bengal,BARDHAMAN,2010,Rabi       ,Gram,84,59,21.3,165,63,9.1
West Bengal,BARDHAMAN,2010,Rabi       ,Horse-gram,37,19,21.3,165,63,9.1
West Bengal,BARDHAMAN,2010,Rabi       ,Khesari,213,196,21.3,165,63,9.1
West Bengal,BARDHAMAN,2010,Rabi       ,Linseed,4,1,21.3,165,63,9.1
West Bengal,BARDHAMAN,2010,Rabi       ,Masoor,654,614,21.3,165,63,9.1
West Bengal,BARDHAMAN,2010,Rabi       ,Peas & beans (Pulses),15,3,21.3,165,63,9.1
West Bengal,BARDHAMAN,2010,Rabi       ,Rapeseed &Mustard,29182,27536,21.3,165,63,9.1
West Bengal,BARDHAMAN,2010,Rabi       ,Safflower,19,13,21.3,165,63,9.1
West Bengal,BARDHAMAN,2010,Rabi       ,Urad,7,4,21.3,165,63,9.1
West Bengal,BARDHAMAN,2010,Rabi       ,Wheat,2204,4846,21.3,165,63,9.1
West Bengal,BARDHAMAN,2010,Summer     ,Moong(Green Gram),1,,32.8,221,59,9.8
West Bengal,BARDHAMAN,2010,Summer     ,Rice,207192,558393,32.8,221,59,9.8
West Bengal,BARDHAMAN,2010,Annual ,Arecanut,126,357,26.1,1486,79,8.8
West Bengal,BARDHAMAN,2010,Annual ,Coconut ,1270,19018,26.1,1486,79,8.8
West Bengal,BARDHAMAN,2010,Annual ,Dry chillies,2583,3651,26.1,1486,79,8.8
West Bengal,BARDHAMAN,2010,Annual ,Groundnut,1852,3765,26.1,1486,79,8.8
West Bengal,BARDHAMAN,2010,Annual ,Potato,43351,921168,26.1,1486,79,8.8
West Bengal,BARDHAMAN,2010,Annual ,Sannhamp,48,359,26.1,1486,79,8.8
West Bengal,BARDHAMAN,2010,Annual ,Sesamum,10859,10549,26.1,1486,79,8.8
West Bengal,BARDHAMAN,2010,Annual ,Sugarcane,462,32611,26.1,1486,79,8.8
West Bengal,BARDHAMAN,2010,Annual ,Turmeric,225,481,26.1,1486,79,8.8
West Bengal,BARDHAMAN,2010,Winter     ,Rice,417180,1365492,18.9,48,62,9
West Bengal,BARDHAMAN,2011,Autumn     ,Rice,13530,43731,21.9,365,82,8.5
West Bengal,BARDHAMAN,2011,Kharif     ,Cotton(lint),250,750,28.5,1173,81.69,8.4
West Bengal,BARDHAMAN,2011,Kharif     ,Dry ginger,176,326,28.5,1173,81.69,8.4
West Bengal,BARDHAMAN,2011,Kharif     ,Jute,13800,229588,28.5,1173,81.69,8.4
West Bengal,BARDHAMAN,2011,Kharif     ,Maize,308,787,28.5,1173,81.69,8.4
West Bengal,BARDHAMAN,2011,Kharif     ,Mesta,5,51,28.5,1173,81.69,8.4
West Bengal,BARDHAMAN,2011,Kharif     ,Moong(Green Gram),40,20,28.5,1173,81.69,8.4
West Bengal,BARDHAMAN,2011,Kharif     ,Other Kharif pulses,35,16,28.5,1173,81.69,8.4
West Bengal,BARDHAMAN,2011,Kharif     ,Soyabean,11,9,28.5,1173,81.69,8.4
West Bengal,BARDHAMAN,2011,Kharif     ,Sunflower,22,33,28.5,1173,81.69,8.4
West Bengal,BARDHAMAN,2011,Kharif     ,Urad,91,71,28.5,1173,81.69,8.4
West Bengal,BARDHAMAN,2011,Rabi       ,Gram,350,221,22.1,149,64,9.1
West Bengal,BARDHAMAN,2011,Rabi       ,Horse-gram,35,21,22.1,149,64,9.1
West Bengal,BARDHAMAN,2011,Rabi       ,Khesari,568,241,22.1,149,64,9.1
West Bengal,BARDHAMAN,2011,Rabi       ,Linseed,2,,22.1,149,64,9.1
West Bengal,BARDHAMAN,2011,Rabi       ,Masoor,2110,640,22.1,149,64,9.1
West Bengal,BARDHAMAN,2011,Rabi       ,Peas & beans (Pulses),161,99,22.1,149,64,9.1
West Bengal,BARDHAMAN,2011,Rabi       ,Rapeseed &Mustard,28933,21334,22.1,149,64,9.1
West Bengal,BARDHAMAN,2011,Rabi       ,Safflower,14,9,22.1,149,64,9.1
West Bengal,BARDHAMAN,2011,Rabi       ,Urad,6,5,22.1,149,64,9.1
West Bengal,BARDHAMAN,2011,Rabi       ,Wheat,2560,5832,22.1,149,64,9.1
West Bengal,BARDHAMAN,2011,Summer     ,Moong(Green Gram),21,14,33.1,241,56,9.8
West Bengal,BARDHAMAN,2011,Summer     ,Rice,209769,721948,33.1,241,56,9.8
West Bengal,BARDHAMAN,2011,Annual ,Arecanut,146,383,26.4,1501,79.1,9.2
West Bengal,BARDHAMAN,2011,Annual ,Coconut ,1173,14842000,26.4,1501,79.1,9.2
West Bengal,BARDHAMAN,2011,Annual ,Dry chillies,2472,3551,26.4,1501,79.1,9.2
West Bengal,BARDHAMAN,2011,Annual ,Groundnut,2040,3885,26.4,1501,79.1,9.2
West Bengal,BARDHAMAN,2011,Annual ,Potato,59443,845521,26.4,1501,79.1,9.2
West Bengal,BARDHAMAN,2011,Annual ,Sannhamp,47,334,26.4,1501,79.1,9.2
West Bengal,BARDHAMAN,2011,Annual ,Sesamum,25459,21420,26.4,1501,79.1,9.2
West Bengal,BARDHAMAN,2011,Annual ,Sugarcane,2820,227325,26.4,1501,79.1,9.2
West Bengal,BARDHAMAN,2011,Annual ,Turmeric,298,671,26.4,1501,79.1,9.2
West Bengal,BARDHAMAN,2011,Winter     ,Rice,419514,1201310,18.3,47,67,8.9
West Bengal,BARDHAMAN,2012,Autumn     ,Rice,17567,51880,22.9,326,83,8.3
West Bengal,BARDHAMAN,2012,Autumn     ,Sesamum,21,12,22.9,326,83,8.3
West Bengal,BARDHAMAN,2012,Kharif     ,Cotton(lint),950,1108,28.1,1194,81,8.34
West Bengal,BARDHAMAN,2012,Kharif     ,Dry ginger,181,346,28.1,1194,81,8.34
West Bengal,BARDHAMAN,2012,Kharif     ,Garlic,50,580,28.1,1194,81,8.34
West Bengal,BARDHAMAN,2012,Kharif     ,Groundnut,135,162,28.1,1194,81,8.34
West Bengal,BARDHAMAN,2012,Kharif     ,Jute,11074,157180,28.1,1194,81,8.34
West Bengal,BARDHAMAN,2012,Kharif     ,Moong(Green Gram),35,16,28.1,1194,81,8.34
West Bengal,BARDHAMAN,2012,Kharif     ,Other Kharif pulses,33,16,28.1,1194,81,8.34
West Bengal,BARDHAMAN,2012,Kharif     ,Sannhamp,37,275,28.1,1194,81,8.34
West Bengal,BARDHAMAN,2012,Kharif     ,Soyabean,12,11,28.1,1194,81,8.34
West Bengal,BARDHAMAN,2012,Kharif     ,Sunflower,31,57,28.1,1194,81,8.34
West Bengal,BARDHAMAN,2012,Kharif     ,Urad,257,231,28.1,1194,81,8.34
West Bengal,BARDHAMAN,2012,Rabi       ,Arhar/Tur,22,10,19.9,166,67,9.2
West Bengal,BARDHAMAN,2012,Rabi       ,Gram,54,50,19.9,166,67,9.2
West Bengal,BARDHAMAN,2012,Rabi       ,Groundnut,1725,3693,19.9,166,67,9.2
West Bengal,BARDHAMAN,2012,Rabi       ,Horse-gram,20,12,19.9,166,67,9.2
West Bengal,BARDHAMAN,2012,Rabi       ,Khesari,284,60,19.9,166,67,9.2
West Bengal,BARDHAMAN,2012,Rabi       ,Linseed,19,3,19.9,166,67,9.2
West Bengal,BARDHAMAN,2012,Rabi       ,Maize,178,540,19.9,166,67,9.2
West Bengal,BARDHAMAN,2012,Rabi       ,Masoor,752,357,19.9,166,67,9.2
West Bengal,BARDHAMAN,2012,Rabi       ,Peas & beans (Pulses),22,16,19.9,166,67,9.2
West Bengal,BARDHAMAN,2012,Rabi       ,Rapeseed &Mustard,25630,21795,19.9,166,67,9.2
West Bengal,BARDHAMAN,2012,Rabi       ,Safflower,11,6,19.9,166,67,9.2
West Bengal,BARDHAMAN,2012,Rabi       ,Wheat,2216,6022,19.9,166,67,9.2
West Bengal,BARDHAMAN,2012,Summer     ,Groundnut,239,395,33.1,241,55,9.8
West Bengal,BARDHAMAN,2012,Summer     ,Maize,158,362,33.1,241,55,9.8
West Bengal,BARDHAMAN,2012,Summer     ,Moong(Green Gram),27,25,33.1,241,55,9.8
West Bengal,BARDHAMAN,2012,Summer     ,Rice,203741,679998,33.1,241,55,9.8
West Bengal,BARDHAMAN,2012,Summer     ,Sesamum,22793,16698,33.1,241,55,9.8
West Bengal,BARDHAMAN,2012,Annual ,Arecanut,209,383,27.8,1496,79.6,8.7
West Bengal,BARDHAMAN,2012,Annual ,Coconut ,2678,30922000,27.8,1496,79.6,8.7
West Bengal,BARDHAMAN,2012,Annual ,Dry chillies,2462,3551,27.8,1496,79.6,8.7
West Bengal,BARDHAMAN,2012,Annual ,Potato,54359,1332880,27.8,1496,79.6,8.7
West Bengal,BARDHAMAN,2012,Annual ,Sugarcane,817,56150,27.8,1496,79.6,8.7
West Bengal,BARDHAMAN,2012,Annual ,Turmeric,291,672,27.8,1496,79.6,8.7
West Bengal,BARDHAMAN,2012,Winter     ,Rice,414468,1126762,19.5,44,61,9.2
West Bengal,BARDHAMAN,2013,Autumn     ,Rice,15358,44529,22.31,357,82,8.3
West Bengal,BARDHAMAN,2013,Autumn     ,Sesamum,5,3,22.31,357,82,8.3
West Bengal,BARDHAMAN,2013,Kharif     ,Cotton(lint),204,204,27.41,1254,81.2,8.4
West Bengal,BARDHAMAN,2013,Kharif     ,Dry ginger,181,346,27.41,1254,81.2,8.4
West Bengal,BARDHAMAN,2013,Kharif     ,Groundnut,61,76,27.41,1254,81.2,8.4
West Bengal,BARDHAMAN,2013,Kharif     ,Jute,10832,167653,27.41,1254,81.2,8.4
West Bengal,BARDHAMAN,2013,Kharif     ,Mesta,6,55,27.41,1254,81.2,8.4
West Bengal,BARDHAMAN,2013,Kharif     ,Moong(Green Gram),35,19,27.41,1254,81.2,8.4
West Bengal,BARDHAMAN,2013,Kharif     ,Other Kharif pulses,35,17,27.41,1254,81.2,8.4
West Bengal,BARDHAMAN,2013,Kharif     ,Sannhamp,40,297,27.41,1254,81.2,8.4
West Bengal,BARDHAMAN,2013,Kharif     ,Soyabean,11,10,27.41,1254,81.2,8.4
West Bengal,BARDHAMAN,2013,Kharif     ,Sunflower,113,170,27.41,1254,81.2,8.4
West Bengal,BARDHAMAN,2013,Kharif     ,Urad,301,235,27.41,1254,81.2,8.4
West Bengal,BARDHAMAN,2013,Rabi       ,Gram,62,66,21.4,184,63,9
West Bengal,BARDHAMAN,2013,Rabi       ,Groundnut,1775,3534,21.4,184,63,9
West Bengal,BARDHAMAN,2013,Rabi       ,Khesari,502,130,21.4,184,63,9
West Bengal,BARDHAMAN,2013,Rabi       ,Linseed,225,30,21.4,184,63,9
West Bengal,BARDHAMAN,2013,Rabi       ,Maize,205,441,21.4,184,63,9
West Bengal,BARDHAMAN,2013,Rabi       ,Masoor,1717,977,21.4,184,63,9
West Bengal,BARDHAMAN,2013,Rabi       ,Moong(Green Gram),3,1,21.4,184,63,9
West Bengal,BARDHAMAN,2013,Rabi       ,Peas & beans (Pulses),80,61,21.4,184,63,9
West Bengal,BARDHAMAN,2013,Rabi       ,Rapeseed &Mustard,27097,19885,21.4,184,63,9
West Bengal,BARDHAMAN,2013,Rabi       ,Wheat,2006,4667,21.4,184,63,9
West Bengal,BARDHAMAN,2013,Summer     ,Groundnut,339,464,33.69,251,59,9.8
West Bengal,BARDHAMAN,2013,Summer     ,Maize,275,669,33.69,251,59,9.8
West Bengal,BARDHAMAN,2013,Summer     ,Moong(Green Gram),1,1,33.69,251,59,9.8
West Bengal,BARDHAMAN,2013,Summer     ,Rice,233697,661427,33.69,251,59,9.8
West Bengal,BARDHAMAN,2013,Summer     ,Sesamum,20199,9726,33.69,251,59,9.8
West Bengal,BARDHAMAN,2013,Annual ,Arecanut,209,383,26.98,1564,81,9.4
West Bengal,BARDHAMAN,2013,Annual ,Coconut ,2683,30922,26.98,1564,81,9.4
West Bengal,BARDHAMAN,2013,Annual ,Dry chillies,2361,3551,26.98,1564,81,9.4
West Bengal,BARDHAMAN,2013,Annual ,Potato,55655,495783,26.98,1564,81,9.4
West Bengal,BARDHAMAN,2013,Annual ,Sugarcane,636,47193,26.98,1564,81,9.4
West Bengal,BARDHAMAN,2013,Annual ,Turmeric,291,672,26.98,1564,81,9.4
West Bengal,BARDHAMAN,2013,Winter     ,Rice,417486,1170211,19.6,44,67,9.2
West Bengal,BARDHAMAN,2014,Autumn     ,Groundnut,86,99,23.1,326,82,8.6
West Bengal,BARDHAMAN,2014,Autumn     ,Rice,12066,35141,23.1,326,82,8.6
West Bengal,BARDHAMAN,2014,Kharif     ,Cotton(lint),48,48,26.1,1211,80.3,8.1
West Bengal,BARDHAMAN,2014,Kharif     ,Jute,12732,219191,26.1,1211,80.3,8.1
West Bengal,BARDHAMAN,2014,Kharif     ,Mesta,5,58,26.1,1211,80.3,8.1
West Bengal,BARDHAMAN,2014,Kharif     ,Moong(Green Gram),28,15,26.1,1211,80.3,8.1
West Bengal,BARDHAMAN,2014,Kharif     ,Other Kharif pulses,11,5,26.1,1211,80.3,8.1
West Bengal,BARDHAMAN,2014,Kharif     ,Sannhamp,39,309,26.1,1211,80.3,8.1
West Bengal,BARDHAMAN,2014,Kharif     ,Soyabean,22,17,26.1,1211,80.3,8.1
West Bengal,BARDHAMAN,2014,Kharif     ,Sunflower,49,71,26.1,1211,80.3,8.1
West Bengal,BARDHAMAN,2014,Kharif     ,Urad,26,16,26.1,1211,80.3,8.1
West Bengal,BARDHAMAN,2014,Rabi       ,Arhar/Tur,12,3,20.5,191,64.9,8.9
West Bengal,BARDHAMAN,2014,Rabi       ,Gram,54,33,20.5,191,64.9,8.9
West Bengal,BARDHAMAN,2014,Rabi       ,Groundnut,20,31,20.5,191,64.9,8.9
West Bengal,BARDHAMAN,2014,Rabi       ,Khesari,185,121,20.5,191,64.9,8.9
West Bengal,BARDHAMAN,2014,Rabi       ,Linseed,18,4,20.5,191,64.9,8.9
West Bengal,BARDHAMAN,2014,Rabi       ,Maize,206,453,20.5,191,64.9,8.9
West Bengal,BARDHAMAN,2014,Rabi       ,Masoor,1377,998,20.5,191,64.9,8.9
West Bengal,BARDHAMAN,2014,Rabi       ,Moong(Green Gram),2,1,20.5,191,64.9,8.9
West Bengal,BARDHAMAN,2014,Rabi       ,Peas & beans (Pulses),197,247,20.5,191,64.9,8.9
West Bengal,BARDHAMAN,2014,Rabi       ,Potato,55166,2268242,20.5,191,64.9,8.9
West Bengal,BARDHAMAN,2014,Rabi       ,Rapeseed &Mustard,25480,24067,20.5,191,64.9,8.9
West Bengal,BARDHAMAN,2014,Rabi       ,Safflower,2,1,20.5,191,64.9,8.9
West Bengal,BARDHAMAN,2014,Rabi       ,Wheat,1583,3867,20.5,191,64.9,8.9
West Bengal,BARDHAMAN,2014,Summer     ,Groundnut,415,584,35.4,251,56,9.8
West Bengal,BARDHAMAN,2014,Summer     ,Maize,190,399,35.4,251,56,9.8
West Bengal,BARDHAMAN,2014,Summer     ,Moong(Green Gram),22,14,35.4,251,56,9.8
West Bengal,BARDHAMAN,2014,Summer     ,Rice,230750,744206,35.4,251,56,9.8
West Bengal,BARDHAMAN,2014,Summer     ,Sesamum,18552,13119,35.4,251,56,9.8
West Bengal,BARDHAMAN,2014,Annual ,Sugarcane,1070,86488,27.1,1503,79.1,8.7
West Bengal,BARDHAMAN,2014,Winter     ,Rice,429698,1271906,18.7,45,62,9
West Bengal,BARDHAMAN,2015,Autumn     ,Groundnut,60,60,23.1,326,82.3,7.9
West Bengal,BARDHAMAN,2015,Autumn     ,Rice,9285,26478,23.1,326,82.3,7.9
West Bengal,BARDHAMAN,2015,Kharif     ,Horse-gram,5,3,27.4,1231,79.8,8.1
West Bengal,BARDHAMAN,2015,Kharif     ,Jute,12620,265651,27.4,1231,79.8,8.1
West Bengal,BARDHAMAN,2015,Kharif     ,Mesta,162,44,27.4,1231,79.8,8.1
West Bengal,BARDHAMAN,2015,Kharif     ,Moong(Green Gram),21,13,27.4,1231,79.8,8.1
West Bengal,BARDHAMAN,2015,Kharif     ,Sannhamp,31,169,27.4,1231,79.8,8.1
West Bengal,BARDHAMAN,2015,Kharif     ,Soyabean,5,4,27.4,1231,79.8,8.1
West Bengal,BARDHAMAN,2015,Kharif     ,Sunflower,45,78,27.4,1231,79.8,8.1
West Bengal,BARDHAMAN,2015,Kharif     ,Urad,139,24,27.4,1231,79.8,8.1
West Bengal,BARDHAMAN,2015,Rabi       ,Arhar/Tur,18,16,21.3,167,63,9.2
West Bengal,BARDHAMAN,2015,Rabi       ,Gram,55,95,21.3,167,63,9.2
West Bengal,BARDHAMAN,2015,Rabi       ,Groundnut,1761,3714,21.3,167,63,9.2
West Bengal,BARDHAMAN,2015,Rabi       ,Khesari,510,664,21.3,167,63,9.2
West Bengal,BARDHAMAN,2015,Rabi       ,Linseed,3,1,21.3,167,63,9.2
West Bengal,BARDHAMAN,2015,Rabi       ,Maize,194,427,21.3,167,63,9.2
West Bengal,BARDHAMAN,2015,Rabi       ,Masoor,2114,2266,21.3,167,63,9.2
West Bengal,BARDHAMAN,2015,Rabi       ,Moong(Green Gram),4,2,21.3,167,63,9.2
West Bengal,BARDHAMAN,2015,Rabi       ,Peas & beans (Pulses),205,11,21.3,167,63,9.2
West Bengal,BARDHAMAN,2015,Rabi       ,Potato,53049,1997053,21.3,167,63,9.2
West Bengal,BARDHAMAN,2015,Rabi       ,Rapeseed &Mustard,20278,20091,21.3,167,63,9.2
West Bengal,BARDHAMAN,2015,Rabi       ,Safflower,5,3,21.3,167,63,9.2
West Bengal,BARDHAMAN,2015,Rabi       ,Wheat,1059,2322,21.3,167,63,9.2
West Bengal,BARDHAMAN,2015,Summer     ,Groundnut,426,599,31.9,255,56,9.6
West Bengal,BARDHAMAN,2015,Summer     ,Maize,181,353,31.9,255,56,9.6
West Bengal,BARDHAMAN,2015,Summer     ,Moong(Green Gram),100,69,31.9,255,56,9.6
West Bengal,BARDHAMAN,2015,Summer     ,Rice,189443,585863,31.9,255,56,9.6
West Bengal,BARDHAMAN,2015,Summer     ,Sesamum,16934,13032,31.9,255,56,9.6
West Bengal,BARDHAMAN,2015,Annual ,Sugarcane,1193,113411,27.23,1623,80.2,9.1
West Bengal,BARDHAMAN,2015,Winter     ,Rice,364128,1053602,19.3,43,60,8.8
West Bengal,BARDHAMAN,2016,Autumn     ,Groundnut,21,23,23,369,81.6,8.3
West Bengal,BARDHAMAN,2016,Autumn     ,Rice,10169,30638,23,369,81.6,8.3
West Bengal,BARDHAMAN,2016,Kharif     ,Horse-gram,33,18,28.19,1255,79.44,8.12
West Bengal,BARDHAMAN,2016,Kharif     ,Jute,12771,233965,28.19,1255,79.44,8.12
West Bengal,BARDHAMAN,2016,Kharif     ,Mesta,2,2,28.19,1255,79.44,8.12
West Bengal,BARDHAMAN,2016,Kharif     ,Moong(Green Gram),22,12,28.19,1255,79.44,8.12
West Bengal,BARDHAMAN,2016,Kharif     ,Sannhamp,38,194,28.19,1255,79.44,8.12
West Bengal,BARDHAMAN,2016,Kharif     ,Soyabean,18,14,28.19,1255,79.44,8.12
West Bengal,BARDHAMAN,2016,Kharif     ,Sunflower,53,88,28.19,1255,79.44,8.12
West Bengal,BARDHAMAN,2016,Kharif     ,Urad,183,52,28.19,1255,79.44,8.12
West Bengal,BARDHAMAN,2016,Rabi       ,Arhar/Tur,70,23,22.36,196,67,9.1
West Bengal,BARDHAMAN,2016,Rabi       ,Gram,80,80,22.36,196,67,9.1
West Bengal,BARDHAMAN,2016,Rabi       ,Groundnut,1748,3608,22.36,196,67,9.1
West Bengal,BARDHAMAN,2016,Rabi       ,Khesari,154,197,22.36,196,67,9.1
West Bengal,BARDHAMAN,2016,Rabi       ,Linseed,18,3,22.36,196,67,9.1
West Bengal,BARDHAMAN,2016,Rabi       ,Maize,263,592,22.36,196,67,9.1
West Bengal,BARDHAMAN,2016,Rabi       ,Masoor,1722,1332,22.36,196,67,9.1
West Bengal,BARDHAMAN,2016,Rabi       ,Moong(Green Gram),11,5,22.36,196,67,9.1
West Bengal,BARDHAMAN,2016,Rabi       ,Peas & beans (Pulses),474,646,22.36,196,67,9.1
West Bengal,BARDHAMAN,2016,Rabi       ,Potato,49022,1356664,22.36,196,67,9.1
West Bengal,BARDHAMAN,2016,Rabi       ,Rapeseed &Mustard,20283,17572,22.36,196,67,9.1
West Bengal,BARDHAMAN,2016,Rabi       ,Safflower,5,4,22.36,196,67,9.1
West Bengal,BARDHAMAN,2016,Rabi       ,Wheat,2720,6563,22.36,196,67,9.1
West Bengal,BARDHAMAN,2016,Summer     ,Groundnut,414,328,32.4,211,57.9,9.6
West Bengal,BARDHAMAN,2016,Summer     ,Maize,241,462,32.4,211,57.9,9.6
West Bengal,BARDHAMAN,2016,Summer     ,Moong(Green Gram),20,25,32.4,211,57.9,9.6
West Bengal,BARDHAMAN,2016,Summer     ,Rice,169333,476332,32.4,211,57.9,9.6
West Bengal,BARDHAMAN,2016,Summer     ,Sesamum,13736,13024,32.4,211,57.9,9.6
West Bengal,BARDHAMAN,2016,Annual ,Sugarcane,1469,66370,28.1,1522,79.1,8.7
West Bengal,BARDHAMAN,2016,Winter     ,Rice,413299,1242347,18.7,45,62,9.4
West Bengal,BARDHAMAN,2017,Autumn     ,Groundnut,56,61,24.1,399,83.2,8.4
West Bengal,BARDHAMAN,2017,Autumn     ,Rice,9293,28765,24.1,399,83.2,8.4
West Bengal,BARDHAMAN,2017,Kharif     ,Horse-gram,13,7,30.1,1267,79.5,8.45
West Bengal,BARDHAMAN,2017,Kharif     ,Jute,8980,139146,30.1,1267,79.5,8.45
West Bengal,BARDHAMAN,2017,Kharif     ,Mesta,3,37,30.1,1267,79.5,8.45
West Bengal,BARDHAMAN,2017,Kharif     ,Moong(Green Gram),55,31,30.1,1267,79.5,8.45
West Bengal,BARDHAMAN,2017,Kharif     ,Other Kharif pulses,20,11,30.1,1267,79.5,8.45
West Bengal,BARDHAMAN,2017,Kharif     ,Sannhamp,33,168,30.1,1267,79.5,8.45
West Bengal,BARDHAMAN,2017,Kharif     ,Soyabean,15,11,30.1,1267,79.5,8.45
West Bengal,BARDHAMAN,2017,Kharif     ,Sunflower,134,182,30.1,1267,79.5,8.45
West Bengal,BARDHAMAN,2017,Kharif     ,Urad,21,6,30.1,1267,79.5,8.45
West Bengal,BARDHAMAN,2017,Rabi       ,Arhar/Tur,70,93,19.7,188,67,9.23
West Bengal,BARDHAMAN,2017,Rabi       ,Barley,6,6,19.7,188,67,9.23
West Bengal,BARDHAMAN,2017,Rabi       ,Gram,183,290,19.7,188,67,9.23
West Bengal,BARDHAMAN,2017,Rabi       ,Groundnut,1722,3701,19.7,188,67,9.23
West Bengal,BARDHAMAN,2017,Rabi       ,Khesari,4,6,19.7,188,67,9.23
West Bengal,BARDHAMAN,2017,Rabi       ,Linseed,2,1,19.7,188,67,9.23
West Bengal,BARDHAMAN,2017,Rabi       ,Maize,301,685,19.7,188,67,9.23
West Bengal,BARDHAMAN,2017,Rabi       ,Masoor,1631,1588,19.7,188,67,9.23
West Bengal,BARDHAMAN,2017,Rabi       ,Moong(Green Gram),6,3,19.7,188,67,9.23
West Bengal,BARDHAMAN,2017,Rabi       ,Peas & beans (Pulses),462,499,19.7,188,67,9.23
West Bengal,BARDHAMAN,2017,Rabi       ,Potato,56914,1854161,19.7,188,67,9.23
West Bengal,BARDHAMAN,2017,Rabi       ,Rapeseed &Mustard,21844,25507,19.7,188,67,9.23
West Bengal,BARDHAMAN,2017,Rabi       ,Safflower,4,3,19.7,188,67,9.23
West Bengal,BARDHAMAN,2017,Rabi       ,Wheat,2007,5748,19.7,188,67,9.23
West Bengal,BARDHAMAN,2017,Summer     ,Groundnut,468,569,33.56,263,58.1,10
West Bengal,BARDHAMAN,2017,Summer     ,Maize,255,481,33.56,263,58.1,10
West Bengal,BARDHAMAN,2017,Summer     ,Moong(Green Gram),3,4,33.56,263,58.1,10
West Bengal,BARDHAMAN,2017,Summer     ,Rice,163328,592495,33.56,263,58.1,10
West Bengal,BARDHAMAN,2017,Summer     ,Sesamum,11877,11955,33.56,263,58.1,10
West Bengal,BARDHAMAN,2017,Annual ,Sugarcane,1527,69515,29.1,1492,79.99,9.1
West Bengal,BARDHAMAN,2017,Winter     ,Rice,420798,1301195,18.12,42,61,9.42
West Bengal,BARDHAMAN,2018,Autumn     ,Groundnut,51,51,23.41,316,80.23,8.16
West Bengal,BARDHAMAN,2018,Autumn     ,Rice,9356,25163,23.41,316,80.23,8.16
West Bengal,BARDHAMAN,2018,Kharif     ,Horse-gram,11,6,27.96,1099,79.8,8.32
West Bengal,BARDHAMAN,2018,Kharif     ,Jute,11536,244576,27.96,1099,79.8,8.32
West Bengal,BARDHAMAN,2018,Kharif     ,Mesta,277,3651,27.96,1099,79.8,8.32
West Bengal,BARDHAMAN,2018,Kharif     ,Moong(Green Gram),55,31,27.96,1099,79.8,8.32
West Bengal,BARDHAMAN,2018,Kharif     ,Other Kharif pulses,15,8,27.96,1099,79.8,8.32
West Bengal,BARDHAMAN,2018,Kharif     ,Sannhamp,36,181,27.96,1099,79.8,8.32
West Bengal,BARDHAMAN,2018,Kharif     ,Soyabean,6,5,27.96,1099,79.8,8.32
West Bengal,BARDHAMAN,2018,Kharif     ,Sunflower,48,73,27.96,1099,79.8,8.32
West Bengal,BARDHAMAN,2018,Kharif     ,Urad,30,24,27.96,1099,79.8,8.32
West Bengal,BARDHAMAN,2018,Rabi       ,Arhar/Tur,76,95,21.4,186,64,8.9
West Bengal,BARDHAMAN,2018,Rabi       ,Barley,9,9,21.4,186,64,8.9
West Bengal,BARDHAMAN,2018,Rabi       ,Gram,150,179,21.4,186,64,8.9
West Bengal,BARDHAMAN,2018,Rabi       ,Groundnut,1761,3267,21.4,186,64,8.9
West Bengal,BARDHAMAN,2018,Rabi       ,Khesari,124,112,21.4,186,64,8.9
West Bengal,BARDHAMAN,2018,Rabi       ,Maize,293,665,21.4,186,64,8.9
West Bengal,BARDHAMAN,2018,Rabi       ,Masoor,1796,1653,21.4,186,64,8.9
West Bengal,BARDHAMAN,2018,Rabi       ,Moong(Green Gram),5,2,21.4,186,64,8.9
West Bengal,BARDHAMAN,2018,Rabi       ,Other  Rabi pulses,51,28,21.4,186,64,8.9
West Bengal,BARDHAMAN,2018,Rabi       ,Peas & beans (Pulses),343,459,21.4,186,64,8.9
West Bengal,BARDHAMAN,2018,Rabi       ,Potato,57822,1291523,21.4,186,64,8.9
West Bengal,BARDHAMAN,2018,Rabi       ,Rapeseed &Mustard,23213,23517,21.4,186,64,8.9
West Bengal,BARDHAMAN,2018,Rabi       ,Safflower,9,6,21.4,186,64,8.9
West Bengal,BARDHAMAN,2018,Rabi       ,Wheat,1839,4948,21.4,186,64,8.9
West Bengal,BARDHAMAN,2018,Summer     ,Groundnut,697,1111,34.3,216,53,9.4
West Bengal,BARDHAMAN,2018,Summer     ,Maize,270,512,34.3,216,53,9.4
West Bengal,BARDHAMAN,2018,Summer     ,Moong(Green Gram),93,108,34.3,216,53,9.4
West Bengal,BARDHAMAN,2018,Summer     ,Rice,176219,668407,34.3,216,53,9.4
West Bengal,BARDHAMAN,2018,Summer     ,Sesamum,15625,15064,34.3,216,53,9.4
West Bengal,BARDHAMAN,2018,Annual ,Sugarcane,1577,101564,26.41,1322,79.1,8.79
West Bengal,BARDHAMAN,2018,Winter     ,Rice,418616,1323049,17.99,49,61,9.26
West Bengal,BARDHAMAN,2019,Autumn     ,Groundnut,63,66,22.86,389,82.1,8.43
West Bengal,BARDHAMAN,2019,Autumn     ,Rice,13198,44362,22.86,389,82.1,8.43
West Bengal,BARDHAMAN,2019,Kharif     ,Jute,10776,222022,28.41,1342,83.6,8.39
West Bengal,BARDHAMAN,2019,Kharif     ,Mesta,100,1299,28.41,1342,83.6,8.39
West Bengal,BARDHAMAN,2019,Kharif     ,Moong(Green Gram),60,34,28.41,1342,83.6,8.39
West Bengal,BARDHAMAN,2019,Kharif     ,Other Kharif pulses,15,8,28.41,1342,83.6,8.39
West Bengal,BARDHAMAN,2019,Kharif     ,Sannhamp,24,121,28.41,1342,83.6,8.39
West Bengal,BARDHAMAN,2019,Kharif     ,Soyabean,7,5,28.41,1342,83.6,8.39
West Bengal,BARDHAMAN,2019,Kharif     ,Sunflower,78,114,28.41,1342,83.6,8.39
West Bengal,BARDHAMAN,2019,Kharif     ,Urad,35,20,28.41,1342,83.6,8.39
West Bengal,BARDHAMAN,2019,Rabi       ,Arhar/Tur,83,98,21.6,156,63,9.2
West Bengal,BARDHAMAN,2019,Rabi       ,Gram,120,145,21.6,156,63,9.2
West Bengal,BARDHAMAN,2019,Rabi       ,Groundnut,1650,3518,21.6,156,63,9.2
West Bengal,BARDHAMAN,2019,Rabi       ,Horse-gram,3,2,21.6,156,63,9.2
West Bengal,BARDHAMAN,2019,Rabi       ,Khesari,335,308,21.6,156,63,9.2
West Bengal,BARDHAMAN,2019,Rabi       ,Linseed,228,56,21.6,156,63,9.2
West Bengal,BARDHAMAN,2019,Rabi       ,Maize,286,647,21.6,156,63,9.2
West Bengal,BARDHAMAN,2019,Rabi       ,Masoor,1917,1556,21.6,156,63,9.2
West Bengal,BARDHAMAN,2019,Rabi       ,Moong(Green Gram),5,2,21.6,156,63,9.2
West Bengal,BARDHAMAN,2019,Rabi       ,Peas & beans (Pulses),391,397,21.6,156,63,9.2
West Bengal,BARDHAMAN,2019,Rabi       ,Potato,60128,1922143,21.6,156,63,9.2
West Bengal,BARDHAMAN,2019,Rabi       ,Rapeseed &Mustard,22320,22087,21.6,156,63,9.2
West Bengal,BARDHAMAN,2019,Rabi       ,Safflower,10,6,21.6,156,63,9.2
West Bengal,BARDHAMAN,2019,Rabi       ,Urad,110,99,21.6,156,63,9.2
West Bengal,BARDHAMAN,2019,Rabi       ,Wheat,2687,7723,21.6,156,63,9.2
West Bengal,BARDHAMAN,2019,Summer     ,Groundnut,575,1018,36.4,243,59,10.1
West Bengal,BARDHAMAN,2019,Summer     ,Maize,276,555,36.4,243,59,10.1
West Bengal,BARDHAMAN,2019,Summer     ,Moong(Green Gram),69,82,36.4,243,59,10.1
West Bengal,BARDHAMAN,2019,Summer     ,Rice,150267,490532,36.4,243,59,10.1
West Bengal,BARDHAMAN,2019,Summer     ,Sesamum,17132,15571,36.4,243,59,10.1
West Bengal,BARDHAMAN,2019,Annual ,Sugarcane,1440,113754,26.89,1601,79.1,8.9
West Bengal,BARDHAMAN,2019,Winter     ,Rice,419814,1361138,17.2,43,61.1,9.23
State_Name,District_Name,Crop_Year,Season,Crop,Area,Production,Temparetue,Rainfall,Humidity,Sun hours
West Bengal,HOOGHLY,2009,Kharif     ,Urad,69,30,27.5,1299,82,8.3
West Bengal,HOOGHLY,2009,Rabi       ,Khesari,4,5,21.3,205,69,9.1
West Bengal,HOOGHLY,2009,Rabi       ,Masoor,166,93,21.3,205,69,9.1
West Bengal,HOOGHLY,2009,Rabi       ,Moong(Green Gram),75,59,21.3,205,69,9.1
West Bengal,HOOGHLY,2009,Rabi       ,Peas & beans (Pulses),554,414,21.3,205,69,9.1
West Bengal,HOOGHLY,2009,Rabi       ,Rapeseed &Mustard,6538,5189,21.3,205,69,9.1
West Bengal,HOOGHLY,2009,Rabi       ,Urad,25,19,21.3,205,69,9.1
West Bengal,HOOGHLY,2009,Rabi       ,Wheat,342,780,21.3,205,69,9.1
West Bengal,HOOGHLY,2009,Summer     ,Moong(Green Gram),14,5,29.8,243,66,9.5
West Bengal,HOOGHLY,2009,Summer     ,Rice,103421,317238,29.8,243,66,9.5
West Bengal,HOOGHLY,2009,Annual ,Coconut ,1100,16241.5,25.9,1617,79,8.8
West Bengal,HOOGHLY,2009,Annual ,Dry chillies,1098,976,25.9,1617,79,8.8
West Bengal,HOOGHLY,2009,Annual ,Groundnut,9161,12752,25.9,1617,79,8.8
West Bengal,HOOGHLY,2009,Annual ,Potato,87976,1807873,25.9,1617,79,8.8
West Bengal,HOOGHLY,2009,Annual ,Sannhamp,22,88,25.9,1617,79,8.8
West Bengal,HOOGHLY,2009,Annual ,Sesamum,17576,16801,25.9,1617,79,8.8
West Bengal,HOOGHLY,2009,Annual ,Sugarcane,198,10872,25.9,1617,79,8.8
West Bengal,HOOGHLY,2009,Annual ,Turmeric,182,328,25.9,1617,79,8.8
West Bengal,HOOGHLY,2009,Winter     ,Rice,194577,524783,19.3,47,61,9.4
West Bengal,HOOGHLY,2010,Autumn     ,Rice,9368,25275,25.1,345,81,7.8
West Bengal,HOOGHLY,2010,Kharif     ,Dry ginger,83,134,26.8,1362,81,8.1
West Bengal,HOOGHLY,2010,Kharif     ,Jute,31005,603883,26.8,1362,81,8.1
West Bengal,HOOGHLY,2010,Kharif     ,Maize,21,50,26.8,1362,81,8.1
West Bengal,HOOGHLY,2010,Kharif     ,Sunflower,58,70,26.8,1362,81,8.1
West Bengal,HOOGHLY,2010,Kharif     ,Urad,18,4,26.8,1362,81,8.1
West Bengal,HOOGHLY,2010,Rabi       ,Masoor,1034,633,22.1,216,67,9
West Bengal,HOOGHLY,2010,Rabi       ,Moong(Green Gram),75,59,22.1,216,67,9
West Bengal,HOOGHLY,2010,Rabi       ,Peas & beans (Pulses),1284,1626,22.1,216,67,9
West Bengal,HOOGHLY,2010,Rabi       ,Rapeseed &Mustard,3418,2600,22.1,216,67,9
West Bengal,HOOGHLY,2010,Rabi       ,Urad,25,19,22.1,216,67,9
West Bengal,HOOGHLY,2010,Rabi       ,Wheat,331,660,22.1,216,67,9
West Bengal,HOOGHLY,2010,Summer     ,Moong(Green Gram),25,10,28.4,253,68,9.4
West Bengal,HOOGHLY,2010,Summer     ,Rice,107679,289463,28.4,253,68,9.4
West Bengal,HOOGHLY,2010,Annual ,Arecanut,122,360,27.1,1721,78,8.9
West Bengal,HOOGHLY,2010,Annual ,Coconut ,1175,17519,27.1,1721,78,8.9
West Bengal,HOOGHLY,2010,Annual ,Dry chillies,1094,1009,27.1,1721,78,8.9
West Bengal,HOOGHLY,2010,Annual ,Groundnut,8638,13622,27.1,1721,78,8.9
West Bengal,HOOGHLY,2010,Annual ,Potato,92174,2350043,27.1,1721,78,8.9
West Bengal,HOOGHLY,2010,Annual ,Sannhamp,22,88,27.1,1721,78,8.9
West Bengal,HOOGHLY,2010,Annual ,Sesamum,19076,20267,27.1,1721,78,8.9
West Bengal,HOOGHLY,2010,Annual ,Sugarcane,107,8223,27.1,1721,78,8.9
West Bengal,HOOGHLY,2010,Annual ,Turmeric,196,389,27.1,1721,78,8.9
West Bengal,HOOGHLY,2010,Winter     ,Rice,193277,535211,18.1,49,62,9.5
West Bengal,HOOGHLY,2011,Autumn     ,Rice,7103,18090,25.1,269,83,7.9
West Bengal,HOOGHLY,2011,Kharif     ,Dry ginger,83,134,26.9,1390,86,8.1
West Bengal,HOOGHLY,2011,Kharif     ,Jute,31614,585847,26.9,1390,86,8.1
West Bengal,HOOGHLY,2011,Kharif     ,Maize,257,670,26.9,1390,86,8.1
West Bengal,HOOGHLY,2011,Kharif     ,Sunflower,48,57,26.9,1390,86,8.1
West Bengal,HOOGHLY,2011,Rabi       ,Gram,395,295,22.1,234,71,9.2
West Bengal,HOOGHLY,2011,Rabi       ,Horse-gram,1,1,22.1,234,71,9.2
West Bengal,HOOGHLY,2011,Rabi       ,Khesari,170,210,22.1,234,71,9.2
West Bengal,HOOGHLY,2011,Rabi       ,Masoor,549,337,22.1,234,71,9.2
West Bengal,HOOGHLY,2011,Rabi       ,Moong(Green Gram),20,15,22.1,234,71,9.2
West Bengal,HOOGHLY,2011,Rabi       ,Peas & beans (Pulses),622,376,22.1,234,71,9.2
West Bengal,HOOGHLY,2011,Rabi       ,Rapeseed &Mustard,3944,3112,22.1,234,71,9.2
West Bengal,HOOGHLY,2011,Rabi       ,Urad,5,4,22.1,234,71,9.2
West Bengal,HOOGHLY,2011,Rabi       ,Wheat,1238,2661,22.1,234,71,9.2
West Bengal,HOOGHLY,2011,Summer     ,Moong(Green Gram),6,2,30.1,235,67,9.6
West Bengal,HOOGHLY,2011,Summer     ,Rice,96257,298814,30.1,235,67,9.6
West Bengal,HOOGHLY,2011,Annual ,Arecanut,146,423,26.9,1711,78,8.9
West Bengal,HOOGHLY,2011,Annual ,Coconut ,1189,17264300,26.9,1711,78,8.9
West Bengal,HOOGHLY,2011,Annual ,Dry chillies,978,914,26.9,1711,78,8.9
West Bengal,HOOGHLY,2011,Annual ,Groundnut,8640,13599,26.9,1711,78,8.9
West Bengal,HOOGHLY,2011,Annual ,Potato,96680,1065693,26.9,1711,78,8.9
West Bengal,HOOGHLY,2011,Annual ,Sannhamp,22,88,26.9,1711,78,8.9
West Bengal,HOOGHLY,2011,Annual ,Sesamum,22597,23110,26.9,1711,78,8.9
West Bengal,HOOGHLY,2011,Annual ,Sugarcane,30,2261,26.9,1711,78,8.9
West Bengal,HOOGHLY,2011,Annual ,Turmeric,201,380,26.9,1711,78,8.9
West Bengal,HOOGHLY,2011,Winter     ,Rice,195831,529916,20.1,46,63,9.5
West Bengal,HOOGHLY,2012,Autumn     ,Rice,5856,14357,28,341,85,8.4
West Bengal,HOOGHLY,2012,Kharif     ,Dry ginger,81,74,25.9,1429,83,8.1
West Bengal,HOOGHLY,2012,Kharif     ,Garlic,399,4150,25.9,1429,83,8.1
West Bengal,HOOGHLY,2012,Kharif     ,Jute,28657,516911,25.9,1429,83,8.1
West Bengal,HOOGHLY,2012,Kharif     ,Sannhamp,10,38,25.9,1429,83,8.1
West Bengal,HOOGHLY,2012,Kharif     ,Urad,95,29,25.9,1429,83,8.1
West Bengal,HOOGHLY,2012,Rabi       ,Groundnut,490,735,22.9,218,68,9.2
West Bengal,HOOGHLY,2012,Rabi       ,Masoor,16,9,22.9,218,68,9.2
West Bengal,HOOGHLY,2012,Rabi       ,Moong(Green Gram),30,22,22.9,218,68,9.2
West Bengal,HOOGHLY,2012,Rabi       ,Peas & beans (Pulses),215,154,22.9,218,68,9.2
West Bengal,HOOGHLY,2012,Rabi       ,Rapeseed &Mustard,6703,5057,22.9,218,68,9.2
West Bengal,HOOGHLY,2012,Rabi       ,Urad,30,23,22.9,218,68,9.2
West Bengal,HOOGHLY,2012,Rabi       ,Wheat,376,822,22.9,218,68,9.2
West Bengal,HOOGHLY,2012,Summer     ,Groundnut,8813,13325,31.2,266,67,9.7
West Bengal,HOOGHLY,2012,Summer     ,Maize,257,670,31.2,266,67,9.7
West Bengal,HOOGHLY,2012,Summer     ,Moong(Green Gram),8,7,31.2,266,67,9.7
West Bengal,HOOGHLY,2012,Summer     ,Rice,106295,325885,31.2,266,67,9.7
West Bengal,HOOGHLY,2012,Summer     ,Sesamum,26905,27044,31.2,266,67,9.7
West Bengal,HOOGHLY,2012,Annual ,Arecanut,150,227,26.8,1769,83,8.9
West Bengal,HOOGHLY,2012,Annual ,Coconut ,995,11940000,26.8,1769,83,8.9
West Bengal,HOOGHLY,2012,Annual ,Dry chillies,866,1229,26.8,1769,83,8.9
West Bengal,HOOGHLY,2012,Annual ,Potato,94824,2465212,26.8,1769,83,8.9
West Bengal,HOOGHLY,2012,Annual ,Sugarcane,438,46862,26.8,1769,83,8.9
West Bengal,HOOGHLY,2012,Annual ,Turmeric,27,55,26.8,1769,83,8.9
West Bengal,HOOGHLY,2012,Winter     ,Rice,189637,504906,17.9,72,62,9.1
West Bengal,HOOGHLY,2013,Autumn     ,Rice,6346,15523,26.8,381,83,8.3
West Bengal,HOOGHLY,2013,Kharif     ,Dry ginger,81,74,29.4,1364,83,8.6
West Bengal,HOOGHLY,2013,Kharif     ,Jute,24570,444807,29.4,1364,83,8.6
West Bengal,HOOGHLY,2013,Kharif     ,Sannhamp,7,27,29.4,1364,83,8.6
West Bengal,HOOGHLY,2013,Kharif     ,Sunflower,50,84,29.4,1364,83,8.6
West Bengal,HOOGHLY,2013,Kharif     ,Urad,9,3,29.4,1364,83,8.6
West Bengal,HOOGHLY,2013,Rabi       ,Arhar/Tur,1,,21.6,206,69,9
West Bengal,HOOGHLY,2013,Rabi       ,Gram,157,193,21.6,206,69,9
West Bengal,HOOGHLY,2013,Rabi       ,Groundnut,570,855,21.6,206,69,9
West Bengal,HOOGHLY,2013,Rabi       ,Masoor,388,234,21.6,206,69,9
West Bengal,HOOGHLY,2013,Rabi       ,Moong(Green Gram),42,32,21.6,206,69,9
West Bengal,HOOGHLY,2013,Rabi       ,Peas & beans (Pulses),43,33,21.6,206,69,9
West Bengal,HOOGHLY,2013,Rabi       ,Rapeseed &Mustard,12642,10542,21.6,206,69,9
West Bengal,HOOGHLY,2013,Rabi       ,Urad,20,15,21.6,206,69,9
West Bengal,HOOGHLY,2013,Rabi       ,Wheat,1548,3592,21.6,206,69,9
West Bengal,HOOGHLY,2013,Summer     ,Groundnut,13645,24138,29.9,244,67,9.4
West Bengal,HOOGHLY,2013,Summer     ,Maize,250,503,29.9,244,67,9.4
West Bengal,HOOGHLY,2013,Summer     ,Moong(Green Gram),4,3,29.9,244,67,9.4
West Bengal,HOOGHLY,2013,Summer     ,Rice,106430,304575,29.9,244,67,9.4
West Bengal,HOOGHLY,2013,Summer     ,Sesamum,30830,21268,29.9,244,67,9.4
West Bengal,HOOGHLY,2013,Annual ,Arecanut,150,227,26.2,1701,79.8,8.9
West Bengal,HOOGHLY,2013,Annual ,Coconut ,997,11940,26.2,1701,79.8,8.9
West Bengal,HOOGHLY,2013,Annual ,Dry chillies,866,1229,26.2,1701,79.8,8.9
West Bengal,HOOGHLY,2013,Annual ,Potato,94759,881590,26.2,1701,79.8,8.9
West Bengal,HOOGHLY,2013,Annual ,Sugarcane,431,52531,26.2,1701,79.8,8.9
West Bengal,HOOGHLY,2013,Annual ,Turmeric,27,55,26.2,1701,79.8,8.9
West Bengal,HOOGHLY,2013,Winter     ,Rice,192915,556159,19.8,49,61.2,9.3
West Bengal,HOOGHLY,2014,Autumn     ,Rice,6265,19288,27.4,368,82,8.1
West Bengal,HOOGHLY,2014,Kharif     ,Jute,29040,510424,28.6,1362,81,8.6
West Bengal,HOOGHLY,2014,Kharif     ,Sannhamp,7,26,28.6,1362,81,8.6
West Bengal,HOOGHLY,2014,Kharif     ,Sunflower,162,184,28.6,1362,81,8.6
West Bengal,HOOGHLY,2014,Rabi       ,Groundnut,1754,3797,22.7,231,69.1,9.2
West Bengal,HOOGHLY,2014,Rabi       ,Horse-gram,1,1,22.7,231,69.1,9.2
West Bengal,HOOGHLY,2014,Rabi       ,Masoor,398,253,22.7,231,69.1,9.2
West Bengal,HOOGHLY,2014,Rabi       ,Moong(Green Gram),31,23,22.7,231,69.1,9.2
West Bengal,HOOGHLY,2014,Rabi       ,Peas & beans (Pulses),35,44,22.7,231,69.1,9.2
West Bengal,HOOGHLY,2014,Rabi       ,Potato,91290,3434459,22.7,231,69.1,9.2
West Bengal,HOOGHLY,2014,Rabi       ,Rapeseed &Mustard,11910,11483,22.7,231,69.1,9.2
West Bengal,HOOGHLY,2014,Rabi       ,Urad,18,14,22.7,231,69.1,9.2
West Bengal,HOOGHLY,2014,Rabi       ,Wheat,371,938,22.7,231,69.1,9.2
West Bengal,HOOGHLY,2014,Summer     ,Groundnut,10366,17021,30.2,253,66.4,9.6
West Bengal,HOOGHLY,2014,Summer     ,Maize,255,614,30.2,253,66.4,9.6
West Bengal,HOOGHLY,2014,Summer     ,Moong(Green Gram),64,41,30.2,253,66.4,9.6
West Bengal,HOOGHLY,2014,Summer     ,Rice,106439,313613,30.2,253,66.4,9.6
West Bengal,HOOGHLY,2014,Summer     ,Sesamum,26572,21704,30.2,253,66.4,9.6
West Bengal,HOOGHLY,2014,Annual ,Sugarcane,62,5152,26.4,1700,79.3,8.9
West Bengal,HOOGHLY,2014,Winter     ,Rice,187162,528433,19.6,43,61.2,9.6
West Bengal,HOOGHLY,2015,Autumn     ,Rice,4474,11555,27.1,345,81,8.1
West Bengal,HOOGHLY,2015,Kharif     ,Jute,26856,573241,29.4,1348,83.7,8
West Bengal,HOOGHLY,2015,Kharif     ,Moong(Green Gram),50,31,29.4,1348,83.7,8
West Bengal,HOOGHLY,2015,Kharif     ,Sannhamp,3,19,29.4,1348,83.7,8
West Bengal,HOOGHLY,2015,Kharif     ,Sunflower,40,65,29.4,1348,83.7,8
West Bengal,HOOGHLY,2015,Kharif     ,Urad,9,2,29.4,1348,83.7,8
West Bengal,HOOGHLY,2015,Rabi       ,Groundnut,480,749,22.4,201,69.4,9.2
West Bengal,HOOGHLY,2015,Rabi       ,Masoor,221,132,22.4,201,69.4,9.2
West Bengal,HOOGHLY,2015,Rabi       ,Moong(Green Gram),34,26,22.4,201,69.4,9.2
West Bengal,HOOGHLY,2015,Rabi       ,Peas & beans (Pulses),34,2,22.4,201,69.4,9.2
West Bengal,HOOGHLY,2015,Rabi       ,Potato,100409,3530571,22.4,201,69.4,9.2
West Bengal,HOOGHLY,2015,Rabi       ,Rapeseed &Mustard,11728,11408,22.4,201,69.4,9.2
West Bengal,HOOGHLY,2015,Rabi       ,Urad,23,17,22.4,201,69.4,9.2
West Bengal,HOOGHLY,2015,Rabi       ,Wheat,343,911,22.4,201,69.4,9.2
West Bengal,HOOGHLY,2015,Summer     ,Groundnut,10572,18512,31.2,259,66.9,9.4
West Bengal,HOOGHLY,2015,Summer     ,Maize,250,503,31.2,259,66.9,9.4
West Bengal,HOOGHLY,2015,Summer     ,Moong(Green Gram),10,7,31.2,259,66.9,9.4
West Bengal,HOOGHLY,2015,Summer     ,Rice,93120,299884,31.2,259,66.9,9.4
West Bengal,HOOGHLY,2015,Summer     ,Sesamum,29742,28677,31.2,259,66.9,9.4
West Bengal,HOOGHLY,2015,Annual ,Sugarcane,27,1028,26.1,1685,78.6,8.7
West Bengal,HOOGHLY,2015,Winter     ,Rice,194776,592723,18.1,42,60.2,9.1
West Bengal,HOOGHLY,2016,Autumn     ,Rice,7494,14387,26.4,357,65.9,9.8
West Bengal,HOOGHLY,2016,Kharif     ,Jute,26897,444494,28.1,1268,81,8.1
West Bengal,HOOGHLY,2016,Kharif     ,Sannhamp,6,27,28.1,1268,81,8.1
West Bengal,HOOGHLY,2016,Kharif     ,Sunflower,40,65,28.1,1268,81,8.1
West Bengal,HOOGHLY,2016,Kharif     ,Urad,7,2,28.1,1268,81,8.1
West Bengal,HOOGHLY,2016,Rabi       ,Groundnut,450,702,21.9,203,69.8,9.2
West Bengal,HOOGHLY,2016,Rabi       ,Masoor,1,1,21.9,203,69.8,9.2
West Bengal,HOOGHLY,2016,Rabi       ,Moong(Green Gram),65,47,21.9,203,69.8,9.2
West Bengal,HOOGHLY,2016,Rabi       ,Peas & beans (Pulses),110,130,21.9,203,69.8,9.2
West Bengal,HOOGHLY,2016,Rabi       ,Potato,94435,2439938,21.9,203,69.8,9.2
West Bengal,HOOGHLY,2016,Rabi       ,Rapeseed &Mustard,13755,11349,21.9,203,69.8,9.2
West Bengal,HOOGHLY,2016,Rabi       ,Urad,4,3,21.9,203,69.8,9.2
West Bengal,HOOGHLY,2016,Rabi       ,Wheat,158,381,21.9,203,69.8,9.2
West Bengal,HOOGHLY,2016,Summer     ,Groundnut,11467,22889,32.7,255,67,9.6
West Bengal,HOOGHLY,2016,Summer     ,Maize,250,505,32.7,255,67,9.6
West Bengal,HOOGHLY,2016,Summer     ,Moong(Green Gram),2,1,32.7,255,67,9.6
West Bengal,HOOGHLY,2016,Summer     ,Rice,78128,248816,32.7,255,67,9.6
West Bengal,HOOGHLY,2016,Summer     ,Sesamum,25488,24966,32.7,255,67,9.6
West Bengal,HOOGHLY,2016,Annual ,Sugarcane,57,8351,26.3,1628,79.4,8.9
West Bengal,HOOGHLY,2016,Winter     ,Rice,191578,543633,19.2,48,61.8,9.3
West Bengal,HOOGHLY,2017,Autumn     ,Rice,6089,15144,26.9,365,83.9,8.1
West Bengal,HOOGHLY,2017,Kharif     ,Jute,26665,526374,28.1,1326,82.3,8.4
West Bengal,HOOGHLY,2017,Kharif     ,Mesta,136,1699,28.1,1326,82.3,8.4
West Bengal,HOOGHLY,2017,Kharif     ,Sannhamp,1,5,28.1,1326,82.3,8.4
West Bengal,HOOGHLY,2017,Kharif     ,Sunflower,41,67,28.1,1326,82.3,8.4
West Bengal,HOOGHLY,2017,Kharif     ,Urad,3,1,28.1,1326,82.3,8.4
West Bengal,HOOGHLY,2017,Rabi       ,Groundnut,500,769,20.3,207,69,9.2
West Bengal,HOOGHLY,2017,Rabi       ,Masoor,4,4,20.3,207,69,9.2
West Bengal,HOOGHLY,2017,Rabi       ,Moong(Green Gram),43,32,20.3,207,69,9.2
West Bengal,HOOGHLY,2017,Rabi       ,Peas & beans (Pulses),212,229,20.3,207,69,9.2
West Bengal,HOOGHLY,2017,Rabi       ,Potato,100155,3246422,20.3,207,69,9.2
West Bengal,HOOGHLY,2017,Rabi       ,Rapeseed &Mustard,11122,10097,20.3,207,69,9.2
West Bengal,HOOGHLY,2017,Rabi       ,Urad,15,11,20.3,207,69,9.2
West Bengal,HOOGHLY,2017,Rabi       ,Wheat,99,252,20.3,207,69,9.2
West Bengal,HOOGHLY,2017,Summer     ,Groundnut,12761,29937,32.4,263,67.4,9.6
West Bengal,HOOGHLY,2017,Summer     ,Maize,220,443,32.4,263,67.4,9.6
West Bengal,HOOGHLY,2017,Summer     ,Moong(Green Gram),26,29,32.4,263,67.4,9.6
West Bengal,HOOGHLY,2017,Summer     ,Rice,82707,255782,32.4,263,67.4,9.6
West Bengal,HOOGHLY,2017,Summer     ,Sesamum,31716,30189,32.4,263,67.4,9.6
West Bengal,HOOGHLY,2017,Annual ,Sugarcane,1,141,26.1,1627,78,8.7
West Bengal,HOOGHLY,2017,Winter     ,Rice,184654,522117,17.9,43,61,9.3
West Bengal,HOOGHLY,2018,Autumn     ,Rice,5816,14343,27.3,381,85,8.1
West Bengal,HOOGHLY,2018,Kharif     ,Jute,19953,421854,28.4,1305,83,8.4
West Bengal,HOOGHLY,2018,Kharif     ,Mesta,131,1727,28.4,1305,83,8.4
West Bengal,HOOGHLY,2018,Kharif     ,Sunflower,25,39,28.4,1305,83,8.4
West Bengal,HOOGHLY,2018,Rabi       ,Arhar/Tur,101,126,23.2,208,69.4,9.2
West Bengal,HOOGHLY,2018,Rabi       ,Gram,28,35,23.2,208,69.4,9.2
West Bengal,HOOGHLY,2018,Rabi       ,Groundnut,477,740,23.2,208,69.4,9.2
West Bengal,HOOGHLY,2018,Rabi       ,Masoor,16,10,23.2,208,69.4,9.2
West Bengal,HOOGHLY,2018,Rabi       ,Moong(Green Gram),43,32,23.2,208,69.4,9.2
West Bengal,HOOGHLY,2018,Rabi       ,Peas & beans (Pulses),183,259,23.2,208,69.4,9.2
West Bengal,HOOGHLY,2018,Rabi       ,Potato,99830,2077513,23.2,208,69.4,9.2
West Bengal,HOOGHLY,2018,Rabi       ,Rapeseed &Mustard,13348,12048,23.2,208,69.4,9.2
West Bengal,HOOGHLY,2018,Rabi       ,Wheat,83,189,23.2,208,69.4,9.2
West Bengal,HOOGHLY,2018,Summer     ,Groundnut,13303,28735,31.3,277,67.9,9.6
West Bengal,HOOGHLY,2018,Summer     ,Maize,240,484,31.3,277,67.9,9.6
West Bengal,HOOGHLY,2018,Summer     ,Moong(Green Gram),20,23,31.3,277,67.9,9.6
West Bengal,HOOGHLY,2018,Summer     ,Rice,84241,248238,31.3,277,67.9,9.6
West Bengal,HOOGHLY,2018,Summer     ,Sesamum,32467,32462,31.3,277,67.9,9.6
West Bengal,HOOGHLY,2018,Annual ,Sugarcane,831,126522,26.8,1699,79.4,8.7
West Bengal,HOOGHLY,2018,Winter     ,Rice,195988,545151,17.2,46,68,9.2
West Bengal,HOOGHLY,2019,Autumn     ,Rice,6157,18096,27.3,264,83.4,8.2
West Bengal,HOOGHLY,2019,Kharif     ,Jute,22933,522038,28.6,1344,81.6,8.4
West Bengal,HOOGHLY,2019,Kharif     ,Mesta,52,675,28.6,1344,81.6,8.4
West Bengal,HOOGHLY,2019,Kharif     ,Sannhamp,4,16,28.6,1344,81.6,8.4
West Bengal,HOOGHLY,2019,Kharif     ,Sunflower,35,57,28.6,1344,81.6,8.4
West Bengal,HOOGHLY,2019,Rabi       ,Arhar/Tur,101,120,20.7,222,65.7,9.3
West Bengal,HOOGHLY,2019,Rabi       ,Gram,27,37,20.7,222,65.7,9.3
West Bengal,HOOGHLY,2019,Rabi       ,Groundnut,525,802,20.7,222,65.7,9.3
West Bengal,HOOGHLY,2019,Rabi       ,Masoor,283,177,20.7,222,65.7,9.3
West Bengal,HOOGHLY,2019,Rabi       ,Moong(Green Gram),50,37,20.7,222,65.7,9.3
West Bengal,HOOGHLY,2019,Rabi       ,Peas & beans (Pulses),155,157,20.7,222,65.7,9.3
West Bengal,HOOGHLY,2019,Rabi       ,Potato,100745,3506137,20.7,222,65.7,9.3
West Bengal,HOOGHLY,2019,Rabi       ,Rapeseed &Mustard,14084,12306,20.7,222,65.7,9.3
West Bengal,HOOGHLY,2019,Rabi       ,Urad,9,7,20.7,222,65.7,9.3
West Bengal,HOOGHLY,2019,Rabi       ,Wheat,203,493,20.7,222,65.7,9.3
West Bengal,HOOGHLY,2019,Summer     ,Groundnut,13267,29037,30.6,295,68,9.5
West Bengal,HOOGHLY,2019,Summer     ,Maize,225,455,30.6,295,68,9.5
West Bengal,HOOGHLY,2019,Summer     ,Moong(Green Gram),2,2,30.6,295,68,9.5
West Bengal,HOOGHLY,2019,Summer     ,Rice,79654,261105,30.6,295,68,9.5
West Bengal,HOOGHLY,2019,Summer     ,Sesamum,40756,41239,30.6,295,68,9.5
West Bengal,HOOGHLY,2019,Annual ,Sugarcane,830,149289,25.9,1617,79,8.8
West Bengal,HOOGHLY,2019,Winter     ,Rice,190221,580845,19.3,47,61,9.4
State_Name,District_Name,Crop_Year,Season,Crop,Area,Production,Temparetue,Rainfall,Humidity,Sun hours
West Bengal,HOWRAH,2009,Autumn     ,Rice,3652,8259,27,395,85,8
West Bengal,HOWRAH,2009,Kharif     ,Dry ginger,41,62,28,1369,85,8.5
West Bengal,HOWRAH,2009,Kharif     ,Jute,6220,108127,28,1369,85,8.5
West Bengal,HOWRAH,2009,Kharif     ,Maize,77,78,28,1369,85,8.5
West Bengal,HOWRAH,2009,Kharif     ,Sunflower,53,43,28,1369,85,8.5
West Bengal,HOWRAH,2009,Kharif     ,Urad,1,1,28,1369,85,8.5
West Bengal,HOWRAH,2009,Rabi       ,Gram,8,8,22,217,68,9.2
West Bengal,HOWRAH,2009,Rabi       ,Khesari,25,21,22,217,68,9.2
West Bengal,HOWRAH,2009,Rabi       ,Masoor,9,6,22,217,68,9.2
West Bengal,HOWRAH,2009,Rabi       ,Peas & beans (Pulses),23,15,22,217,68,9.2
West Bengal,HOWRAH,2009,Rabi       ,Rapeseed &Mustard,794,435,22,217,68,9.2
West Bengal,HOWRAH,2009,Rabi       ,Wheat,444,1039,22,217,68,9.2
West Bengal,HOWRAH,2009,Summer     ,Moong(Green Gram),155,51,29,225,70,9.5
West Bengal,HOWRAH,2009,Summer     ,Rice,49058,132079,29,225,70,9.5
West Bengal,HOWRAH,2009,Annual ,Coconut ,2854,31816.4,26,1656,75,8.9
West Bengal,HOWRAH,2009,Annual ,Dry chillies,343,324,26,1656,75,8.9
West Bengal,HOWRAH,2009,Annual ,Groundnut,2311,1543,26,1656,75,8.9
West Bengal,HOWRAH,2009,Annual ,Potato,6142,150051,26,1656,75,8.9
West Bengal,HOWRAH,2009,Annual ,Sesamum,2288,2422,26,1656,75,8.9
West Bengal,HOWRAH,2009,Annual ,Sugarcane,108,7865,26,1656,75,8.9
West Bengal,HOWRAH,2009,Annual ,Turmeric,135,313,26,1656,75,8.9
West Bengal,HOWRAH,2009,Winter     ,Rice,80267,165102,18,60,63,9.1
West Bengal,HOWRAH,2010,Autumn     ,Rice,1374,3612,27.1,394,85.1,8.2
West Bengal,HOWRAH,2010,Kharif     ,Dry ginger,47,65,28.6,1395,84.9,8.4
West Bengal,HOWRAH,2010,Kharif     ,Jute,3321,61372,28.6,1395,84.9,8.4
West Bengal,HOWRAH,2010,Kharif     ,Maize,77,78,28.6,1395,84.9,8.4
West Bengal,HOWRAH,2010,Kharif     ,Sunflower,53,43,28.6,1395,84.9,8.4
West Bengal,HOWRAH,2010,Rabi       ,Gram,9,9,21.6,244,69,9.3
West Bengal,HOWRAH,2010,Rabi       ,Khesari,298,241,21.6,244,69,9.3
West Bengal,HOWRAH,2010,Rabi       ,Masoor,14,12,21.6,244,69,9.3
West Bengal,HOWRAH,2010,Rabi       ,Peas & beans (Pulses),38,30,21.6,244,69,9.3
West Bengal,HOWRAH,2010,Rabi       ,Rapeseed &Mustard,774,472,21.6,244,69,9.3
West Bengal,HOWRAH,2010,Rabi       ,Wheat,164,266,21.6,244,69,9.3
West Bengal,HOWRAH,2010,Summer     ,Moong(Green Gram),54,17,30.1,264,71,9.6
West Bengal,HOWRAH,2010,Summer     ,Rice,50910,133577,30.1,264,71,9.6
West Bengal,HOWRAH,2010,Annual ,Arecanut,501,1046,26.3,1666,75.9,8.4
West Bengal,HOWRAH,2010,Annual ,Coconut ,2865,28552,26.3,1666,75.9,8.4
West Bengal,HOWRAH,2010,Annual ,Dry chillies,368,326,26.3,1666,75.9,8.4
West Bengal,HOWRAH,2010,Annual ,Groundnut,2311,3543,26.3,1666,75.9,8.4
West Bengal,HOWRAH,2010,Annual ,Potato,7336,214027,26.3,1666,75.9,8.4
West Bengal,HOWRAH,2010,Annual ,Sesamum,2509,3158,26.3,1666,75.9,8.4
West Bengal,HOWRAH,2010,Annual ,Sugarcane,46,3511,26.3,1666,75.9,8.4
West Bengal,HOWRAH,2010,Annual ,Turmeric,118,353,26.3,1666,75.9,8.4
West Bengal,HOWRAH,2010,Winter     ,Rice,73268,148820,17.4,58,62,9.3
West Bengal,HOWRAH,2011,Autumn     ,Rice,874,1316,26.4,377,84.6,8.8
West Bengal,HOWRAH,2011,Kharif     ,Dry ginger,34,47,27.8,1420,83.4,8.7
West Bengal,HOWRAH,2011,Kharif     ,Jute,3845,70248,27.8,1420,83.4,8.7
West Bengal,HOWRAH,2011,Kharif     ,Maize,93,107,27.8,1420,83.4,8.7
West Bengal,HOWRAH,2011,Kharif     ,Mesta,110,748,27.8,1420,83.4,8.7
West Bengal,HOWRAH,2011,Kharif     ,Sunflower,36,44,27.8,1420,83.4,8.7
West Bengal,HOWRAH,2011,Kharif     ,Urad,6,4,27.8,1420,83.4,8.7
West Bengal,HOWRAH,2011,Rabi       ,Gram,2,1,22.6,261,68.9,9.3
West Bengal,HOWRAH,2011,Rabi       ,Khesari,471,362,22.6,261,68.9,9.3
West Bengal,HOWRAH,2011,Rabi       ,Masoor,7,5,22.6,261,68.9,9.3
West Bengal,HOWRAH,2011,Rabi       ,Peas & beans (Pulses),2,1,22.6,261,68.9,9.3
West Bengal,HOWRAH,2011,Rabi       ,Rapeseed &Mustard,1098,651,22.6,261,68.9,9.3
West Bengal,HOWRAH,2011,Rabi       ,Wheat,450,698,22.6,261,68.9,9.3
West Bengal,HOWRAH,2011,Summer     ,Moong(Green Gram),605,226,29.7,236,70.5,9.7
West Bengal,HOWRAH,2011,Summer     ,Rice,39320,110708,29.7,236,70.5,9.7
West Bengal,HOWRAH,2011,Annual ,Arecanut,503,1023,26.4,1688,76.4,8.8
West Bengal,HOWRAH,2011,Annual ,Coconut ,2877,28951300,26.4,1688,76.4,8.8
West Bengal,HOWRAH,2011,Annual ,Dry chillies,359,469,26.4,1688,76.4,8.8
West Bengal,HOWRAH,2011,Annual ,Groundnut,3880,6247,26.4,1688,76.4,8.8
West Bengal,HOWRAH,2011,Annual ,Potato,8684,74787,26.4,1688,76.4,8.8
West Bengal,HOWRAH,2011,Annual ,Sesamum,1692,2310,26.4,1688,76.4,8.8
West Bengal,HOWRAH,2011,Annual ,Sugarcane,57,3873,26.4,1688,76.4,8.8
West Bengal,HOWRAH,2011,Annual ,Turmeric,113,255,26.4,1688,76.4,8.8
West Bengal,HOWRAH,2011,Winter     ,Rice,76644,131524,16.4,58.7,62.3,9.2
West Bengal,HOWRAH,2012,Autumn     ,Rice,1124,1251,28.2,406,85.7,8.1
West Bengal,HOWRAH,2012,Kharif     ,Cotton(lint),100,125,29.8,1213,81.2,8.4
West Bengal,HOWRAH,2012,Kharif     ,Dry ginger,35,44,29.8,1213,81.2,8.4
West Bengal,HOWRAH,2012,Kharif     ,Garlic,42,463,29.8,1213,81.2,8.4
West Bengal,HOWRAH,2012,Kharif     ,Jute,3583,63306,29.8,1213,81.2,8.4
West Bengal,HOWRAH,2012,Kharif     ,Sunflower,316,360,29.8,1213,81.2,8.4
West Bengal,HOWRAH,2012,Kharif     ,Urad,5,5,29.8,1213,81.2,8.4
West Bengal,HOWRAH,2012,Rabi       ,Khesari,398,342,21.3,232,69.1,9.3
West Bengal,HOWRAH,2012,Rabi       ,Peas & beans (Pulses),4,3,21.3,232,69.1,9.3
West Bengal,HOWRAH,2012,Rabi       ,Rapeseed &Mustard,587,366,21.3,232,69.1,9.3
West Bengal,HOWRAH,2012,Rabi       ,Wheat,495,1106,21.3,232,69.1,9.3
West Bengal,HOWRAH,2012,Summer     ,Groundnut,5101,8422,32.6,201,70.8,9.6
West Bengal,HOWRAH,2012,Summer     ,Maize,89,116,32.6,201,70.8,9.6
West Bengal,HOWRAH,2012,Summer     ,Moong(Green Gram),149,96,32.6,201,70.8,9.6
West Bengal,HOWRAH,2012,Summer     ,Rice,48926,166090,32.6,201,70.8,9.6
West Bengal,HOWRAH,2012,Summer     ,Sesamum,872,1048,32.6,201,70.8,9.6
West Bengal,HOWRAH,2012,Annual ,Arecanut,504,1050,27,1721,76,8.8
West Bengal,HOWRAH,2012,Annual ,Coconut ,2895,30687000,27,1721,76,8.8
West Bengal,HOWRAH,2012,Annual ,Dry chillies,409,487,27,1721,76,8.8
West Bengal,HOWRAH,2012,Annual ,Potato,8032,231271,27,1721,76,8.8
West Bengal,HOWRAH,2012,Annual ,Sugarcane,40,4417,27,1721,76,8.8
West Bengal,HOWRAH,2012,Annual ,Turmeric,144,368,27,1721,76,8.8
West Bengal,HOWRAH,2012,Winter     ,Rice,67809,91799,16.9,61,62,9.3
West Bengal,HOWRAH,2013,Autumn     ,Rice,1349,3159,28,426,86.1,8.2
West Bengal,HOWRAH,2013,Kharif     ,Cotton(lint),100,125,29.5,1444,84.4,8.6
West Bengal,HOWRAH,2013,Kharif     ,Dry ginger,35,44,29.5,1444,84.4,8.6
West Bengal,HOWRAH,2013,Kharif     ,Jute,3502,52946,29.5,1444,84.4,8.6
West Bengal,HOWRAH,2013,Kharif     ,Sunflower,135,149,29.5,1444,84.4,8.6
West Bengal,HOWRAH,2013,Kharif     ,Urad,4,4,29.5,1444,84.4,8.6
West Bengal,HOWRAH,2013,Rabi       ,Khesari,621,587,23,249,71,9.8
West Bengal,HOWRAH,2013,Rabi       ,Masoor,12,9,23,249,71,9.8
West Bengal,HOWRAH,2013,Rabi       ,Peas & beans (Pulses),36,28,23,249,71,9.8
West Bengal,HOWRAH,2013,Rabi       ,Rapeseed &Mustard,1117,474,23,249,71,9.8
West Bengal,HOWRAH,2013,Rabi       ,Wheat,143,224,23,249,71,9.8
West Bengal,HOWRAH,2013,Summer     ,Groundnut,3764,6071,31,198,68,9.4
West Bengal,HOWRAH,2013,Summer     ,Maize,85,98,31,198,68,9.4
West Bengal,HOWRAH,2013,Summer     ,Moong(Green Gram),265,118,31,198,68,9.4
West Bengal,HOWRAH,2013,Summer     ,Rice,49793,79696,31,198,68,9.4
West Bengal,HOWRAH,2013,Summer     ,Sesamum,1709,1587,31,198,68,9.4
West Bengal,HOWRAH,2013,Annual ,Arecanut,524,1050,26.9,1523,76,8.8
West Bengal,HOWRAH,2013,Annual ,Coconut ,2900,30687,26.9,1523,76,8.8
West Bengal,HOWRAH,2013,Annual ,Dry chillies,409,418,26.9,1523,76,8.8
West Bengal,HOWRAH,2013,Annual ,Potato,6644,66045,26.9,1523,76,8.8
West Bengal,HOWRAH,2013,Annual ,Sugarcane,60,5265,26.9,1523,76,8.8
West Bengal,HOWRAH,2013,Annual ,Turmeric,114,268,26.9,1523,76,8.8
West Bengal,HOWRAH,2013,Winter     ,Rice,64173,124088,18.1,60.3,63.9,9.2
West Bengal,HOWRAH,2014,Autumn     ,Rice,944,1192,27.8,396,84,8.6
West Bengal,HOWRAH,2014,Kharif     ,Cotton(lint),100,125,29.9,1422,84.5,8.7
West Bengal,HOWRAH,2014,Kharif     ,Jute,2996,54610,29.9,1422,84.5,8.7
West Bengal,HOWRAH,2014,Kharif     ,Sunflower,7335,7709,29.9,1422,84.5,8.7
West Bengal,HOWRAH,2014,Kharif     ,Urad,19,13,29.9,1422,84.5,8.7
West Bengal,HOWRAH,2014,Rabi       ,Groundnut,570,855,21.1,187,68.7,9.3
West Bengal,HOWRAH,2014,Rabi       ,Khesari,194,203,21.1,187,68.7,9.3
West Bengal,HOWRAH,2014,Rabi       ,Masoor,2,2,21.1,187,68.7,9.3
West Bengal,HOWRAH,2014,Rabi       ,Peas & beans (Pulses),5,6,21.1,187,68.7,9.3
West Bengal,HOWRAH,2014,Rabi       ,Potato,6715,242614,21.1,187,68.7,9.3
West Bengal,HOWRAH,2014,Rabi       ,Rapeseed &Mustard,974,928,21.1,187,68.7,9.3
West Bengal,HOWRAH,2014,Summer     ,Groundnut,4248,6911,30.1,241,70.1,9.8
West Bengal,HOWRAH,2014,Summer     ,Maize,88,105,30.1,241,70.1,9.8
West Bengal,HOWRAH,2014,Summer     ,Moong(Green Gram),265,120,30.1,241,70.1,9.8
West Bengal,HOWRAH,2014,Summer     ,Rice,41343,89995,30.1,241,70.1,9.8
West Bengal,HOWRAH,2014,Summer     ,Sesamum,2667,2644,30.1,241,70.1,9.8
West Bengal,HOWRAH,2014,Winter     ,Rice,71693,100034,18.6,62,94.2,9.1
West Bengal,HOWRAH,2015,Autumn     ,Rice,753,2071,28.3,352,84.6,8.2
West Bengal,HOWRAH,2015,Kharif     ,Cotton(lint),5,8,28.7,1433,83.2,8.7
West Bengal,HOWRAH,2015,Kharif     ,Jute,3193,64650,28.7,1433,83.2,8.7
West Bengal,HOWRAH,2015,Kharif     ,Sunflower,204,231,28.7,1433,83.2,8.7
West Bengal,HOWRAH,2015,Rabi       ,Gram,4,4,22.4,222,68.3,9.3
West Bengal,HOWRAH,2015,Rabi       ,Khesari,150,166,22.4,222,68.3,9.3
West Bengal,HOWRAH,2015,Rabi       ,Masoor,11,11,22.4,222,68.3,9.3
West Bengal,HOWRAH,2015,Rabi       ,Peas & beans (Pulses),12,15,22.4,222,68.3,9.3
West Bengal,HOWRAH,2015,Rabi       ,Potato,8885,323929,22.4,222,68.3,9.3
West Bengal,HOWRAH,2015,Rabi       ,Rapeseed &Mustard,1489,1019,22.4,222,68.3,9.3
West Bengal,HOWRAH,2015,Rabi       ,Wheat,248,506,22.4,222,68.3,9.3
West Bengal,HOWRAH,2015,Summer     ,Groundnut,4371,7133,28.7,312,73.4,9.6
West Bengal,HOWRAH,2015,Summer     ,Maize,87,106,28.7,312,73.4,9.6
West Bengal,HOWRAH,2015,Summer     ,Moong(Green Gram),816,520,28.7,312,73.4,9.6
West Bengal,HOWRAH,2015,Summer     ,Rice,41318,136208,28.7,312,73.4,9.6
West Bengal,HOWRAH,2015,Summer     ,Sesamum,1038,983,28.7,312,73.4,9.6
West Bengal,HOWRAH,2015,Annual ,Sugarcane,17,1380,26.8,1729,73.6,8.8
West Bengal,HOWRAH,2015,Winter     ,Rice,73401,166483,17.6,58.6,62.8,9.4
West Bengal,HOWRAH,2016,Autumn     ,Rice,1083,1049,28.8,451,86.7,8.3
West Bengal,HOWRAH,2016,Kharif     ,Cotton(lint),68,86,29.6,1433,86,8.7
West Bengal,HOWRAH,2016,Kharif     ,Jute,4979,85564,29.6,1433,86,8.7
West Bengal,HOWRAH,2016,Kharif     ,Sunflower,167,188,29.6,1433,86,8.7
West Bengal,HOWRAH,2016,Rabi       ,Khesari,463,178,23.5,311,70.6,9.8
West Bengal,HOWRAH,2016,Rabi       ,Masoor,2,1,23.5,311,70.6,9.8
West Bengal,HOWRAH,2016,Rabi       ,Peas & beans (Pulses),36,32,23.5,311,70.6,9.8
West Bengal,HOWRAH,2016,Rabi       ,Potato,8102,178125,23.5,311,70.6,9.8
West Bengal,HOWRAH,2016,Rabi       ,Rapeseed &Mustard,2227,1180,23.5,311,70.6,9.8
West Bengal,HOWRAH,2016,Rabi       ,Wheat,91,108,23.5,311,70.6,9.8
West Bengal,HOWRAH,2016,Summer     ,Groundnut,5051,11142,33,269,74.3,9.5
West Bengal,HOWRAH,2016,Summer     ,Maize,87,103,33,269,74.3,9.5
West Bengal,HOWRAH,2016,Summer     ,Moong(Green Gram),782,721,33,269,74.3,9.5
West Bengal,HOWRAH,2016,Summer     ,Rice,40966,130799,33,269,74.3,9.5
West Bengal,HOWRAH,2016,Summer     ,Sesamum,1985,2544,33,269,74.3,9.5
West Bengal,HOWRAH,2016,Annual ,Sugarcane,61,5226,27.8,1769,76.4,8.3
West Bengal,HOWRAH,2016,Winter     ,Rice,65000,93485,17.5,56,64,9.4
West Bengal,HOWRAH,2017,Autumn     ,Rice,1662,5378,28.3,421,84.6,8.3
West Bengal,HOWRAH,2017,Kharif     ,Cotton(lint),58,73,29.4,1488,86.4,8.9
West Bengal,HOWRAH,2017,Kharif     ,Jute,2369,43188,29.4,1488,86.4,8.9
West Bengal,HOWRAH,2017,Kharif     ,Sunflower,178,201,29.4,1488,86.4,8.9
West Bengal,HOWRAH,2017,Rabi       ,Khesari,611,936,22.5,231,69.2,9.1
West Bengal,HOWRAH,2017,Rabi       ,Peas & beans (Pulses),36,42,22.5,231,69.2,9.1
West Bengal,HOWRAH,2017,Rabi       ,Potato,7780,247916,22.5,231,69.2,9.1
West Bengal,HOWRAH,2017,Rabi       ,Rapeseed &Mustard,939,814,22.5,231,69.2,9.1
West Bengal,HOWRAH,2017,Rabi       ,Wheat,99,278,22.5,231,69.2,9.1
West Bengal,HOWRAH,2017,Summer     ,Groundnut,5308,15508,32.4,310,72.1,9.6
West Bengal,HOWRAH,2017,Summer     ,Maize,87,115,32.4,310,72.1,9.6
West Bengal,HOWRAH,2017,Summer     ,Moong(Green Gram),1002,618,32.4,310,72.1,9.6
West Bengal,HOWRAH,2017,Summer     ,Rice,42165,129584,32.4,310,72.1,9.6
West Bengal,HOWRAH,2017,Summer     ,Sesamum,1461,1465,32.4,310,72.1,9.6
West Bengal,HOWRAH,2017,Annual ,Sugarcane,40,4053,28.1,1534,72,8.4
West Bengal,HOWRAH,2017,Winter     ,Rice,67380,151869,18.7,62,94.2,9.3
West Bengal,HOWRAH,2018,Autumn     ,Rice,1572,4660,25.9,1742,76,8.9
West Bengal,HOWRAH,2018,Kharif     ,Jute,1877,40819,28.5,1411,84.6,8.7
West Bengal,HOWRAH,2018,Kharif     ,Moong(Green Gram),90,83,28.5,1411,84.6,8.7
West Bengal,HOWRAH,2018,Kharif     ,Sunflower,183,207,28.5,1411,84.6,8.7
West Bengal,HOWRAH,2018,Rabi       ,Khesari,727,1130,24.1,267,70.9,9.6
West Bengal,HOWRAH,2018,Rabi       ,Masoor,13,11,24.1,267,70.9,9.6
West Bengal,HOWRAH,2018,Rabi       ,Peas & beans (Pulses),39,45,24.1,267,70.9,9.6
West Bengal,HOWRAH,2018,Rabi       ,Potato,7587,247444,24.1,267,70.9,9.6
West Bengal,HOWRAH,2018,Rabi       ,Rapeseed &Mustard,1249,1434,24.1,267,70.9,9.6
West Bengal,HOWRAH,2018,Rabi       ,Wheat,82,198,24.1,267,70.9,9.6
West Bengal,HOWRAH,2018,Summer     ,Groundnut,5428,16019,33,261,70.8,9.8
West Bengal,HOWRAH,2018,Summer     ,Maize,87,108,33,261,70.8,9.8
West Bengal,HOWRAH,2018,Summer     ,Moong(Green Gram),1064,830,33,261,70.8,9.8
West Bengal,HOWRAH,2018,Summer     ,Rice,42709,128178,33,261,70.8,9.8
West Bengal,HOWRAH,2018,Summer     ,Sesamum,1489,1121,33,261,70.8,9.8
West Bengal,HOWRAH,2018,Winter     ,Rice,64360,142291,17.5,58,62,9.2
West Bengal,HOWRAH,2019,Autumn     ,Rice,2836,8287,27.9,356,85.6,8.1
West Bengal,HOWRAH,2019,Kharif     ,Jute,2237,39378,28.1,1379,86,8.7
West Bengal,HOWRAH,2019,Kharif     ,Moong(Green Gram),105,110,28.1,1379,86,8.7
West Bengal,HOWRAH,2019,Kharif     ,Sunflower,176,199,28.1,1379,86,8.7
West Bengal,HOWRAH,2019,Rabi       ,Khesari,920,788,22.7,220,69,9.1
West Bengal,HOWRAH,2019,Rabi       ,Masoor,21,16,22.7,220,69,9.1
West Bengal,HOWRAH,2019,Rabi       ,Peas & beans (Pulses),35,42,22.7,220,69,9.1
West Bengal,HOWRAH,2019,Rabi       ,Potato,8648,293313,22.7,220,69,9.1
West Bengal,HOWRAH,2019,Rabi       ,Rapeseed &Mustard,1232,1148,22.7,220,69,9.1
West Bengal,HOWRAH,2019,Rabi       ,Wheat,106,276,22.7,220,69,9.1
West Bengal,HOWRAH,2019,Summer     ,Groundnut,6103,13208,29,225,70,9.4
West Bengal,HOWRAH,2019,Summer     ,Maize,88,112,29,225,70,9.4
West Bengal,HOWRAH,2019,Summer     ,Moong(Green Gram),777,847,29,225,70,9.4
West Bengal,HOWRAH,2019,Summer     ,Rice,43456,135474,29,225,70,9.4
West Bengal,HOWRAH,2019,Summer     ,Sesamum,2265,2254,29,225,70,9.4
West Bengal,HOWRAH,2019,Annual ,Sugarcane,2,186,26,1656,75,8.9
West Bengal,HOWRAH,2019,Winter     ,Rice,71064,176630,18,60,63,9.1
